-- phpMyAdmin SQL Dump
-- version 5.1.1
-- https://www.phpmyadmin.net/
--
-- Host: 127.0.0.1
-- Generation Time: Jun 12, 2023 at 07:18 PM
-- Server version: 10.4.22-MariaDB
-- PHP Version: 7.3.33

SET SQL_MODE = "NO_AUTO_VALUE_ON_ZERO";
START TRANSACTION;
SET time_zone = "+00:00";


/*!40101 SET @OLD_CHARACTER_SET_CLIENT=@@CHARACTER_SET_CLIENT */;
/*!40101 SET @OLD_CHARACTER_SET_RESULTS=@@CHARACTER_SET_RESULTS */;
/*!40101 SET @OLD_COLLATION_CONNECTION=@@COLLATION_CONNECTION */;
/*!40101 SET NAMES utf8mb4 */;

--
-- Database: `cms_db`
--

-- --------------------------------------------------------

--
-- Table structure for table `branches`
--

CREATE TABLE `branches` (
  `id` int(30) NOT NULL,
  `branch_code` varchar(50) NOT NULL,
  `street` text NOT NULL,
  `city` text NOT NULL,
  `state` text NOT NULL,
  `zip_code` varchar(50) NOT NULL,
  `country` text NOT NULL,
  `contact` varchar(100) NOT NULL,
  `date_created` datetime NOT NULL DEFAULT current_timestamp()
) ENGINE=InnoDB DEFAULT CHARSET=utf8mb4;

--
-- Dumping data for table `branches`
--

INSERT INTO `branches` (`id`, `branch_code`, `street`, `city`, `state`, `zip_code`, `country`, `contact`, `date_created`) VALUES
(1, 'vzTL0PqMogyOWhF', 'Branch 1 St., Quiapo', 'Manila', 'Metro Manila', '1001', 'Philippines', '+2 123 455 623', '2020-11-26 11:21:41'),
(3, 'KyIab3mYBgAX71t', 'SAmple', 'Cebu', 'Cebu', '6000', 'Philippines', '+1234567489', '2020-11-26 16:45:05'),
(4, 'dIbUK5mEh96f0Zc', 'Sample', 'Sample', 'Sample', '123456', 'Philippines', '123456', '2020-11-27 13:31:49');

-- --------------------------------------------------------

--
-- Table structure for table `parcels`
--

CREATE TABLE `parcels` (
  `id` int(30) NOT NULL,
  `reference_number` varchar(100) NOT NULL,
  `sender_name` text NOT NULL,
  `sender_address` text NOT NULL,
  `sender_contact` text NOT NULL,
  `recipient_name` text NOT NULL,
  `recipient_address` text NOT NULL,
  `recipient_contact` text NOT NULL,
  `type` int(1) NOT NULL COMMENT '1 = Deliver, 2=Pickup',
  `parcel_details` varchar(250) DEFAULT NULL,
  `from_branch_id` varchar(30) NOT NULL,
  `to_branch_id` varchar(30) NOT NULL,
  `weight` varchar(100) NOT NULL,
  `height` varchar(100) NOT NULL,
  `width` varchar(100) NOT NULL,
  `length` varchar(100) NOT NULL,
  `price` float NOT NULL,
  `status` int(2) NOT NULL DEFAULT 0,
  `date_created` datetime NOT NULL DEFAULT current_timestamp()
) ENGINE=InnoDB DEFAULT CHARSET=utf8mb4;

--
-- Dumping data for table `parcels`
--

INSERT INTO `parcels` (`id`, `reference_number`, `sender_name`, `sender_address`, `sender_contact`, `recipient_name`, `recipient_address`, `recipient_contact`, `type`, `parcel_details`, `from_branch_id`, `to_branch_id`, `weight`, `height`, `width`, `length`, `price`, `status`, `date_created`) VALUES
(1, '201406231415', 'John Smith', 'Sample', '+123456', 'Claire Blake', 'Sample', 'Sample', 1, NULL, '1', '0', '30kg', '12in', '12in', '15in', 2500, 7, '2020-11-26 16:15:46'),
(2, '117967400213', 'John Smith', 'Sample', '+123456', 'Claire Blake', 'Sample', 'Sample', 2, NULL, '1', '3', '30kg', '12in', '12in', '15in', 2500, 1, '2020-11-26 16:46:03'),
(3, '983186540795', 'John Smith', 'Sample', '+123456', 'Claire Blake', 'Sample', 'Sample', 2, NULL, '1', '3', '20Kg', '10in', '10in', '10in', 1500, 2, '2020-11-26 16:46:03'),
(4, '514912669061', 'Claire Blake', 'Sample', '+123456', 'John Smith', 'Sample Address', '+12345', 2, NULL, '4', '1', '23kg', '12in', '12in', '15in', 1900, 0, '2020-11-27 13:52:14'),
(5, '897856905844', 'Claire Blake', 'Sample', '+123456', 'John Smith', 'Sample Address', '+12345', 2, NULL, '4', '1', '30kg', '10in', '10in', '10in', 1450, 0, '2020-11-27 13:52:14'),
(6, '505604168988', 'John Smith', 'Sample', '+123456', 'Sample', 'Sample', '+12345', 1, NULL, '1', '0', '23kg', '12in', '12in', '15in', 2500, 1, '2020-11-27 14:06:42'),
(7, '761088291920', 'ewewe', 'shfdasjid', '3456789', 'ewewe', 'ifaiofhajo', '3456789', 2, 'suhdashdauisdh', '3', '1', '20', '12', '231', '12', 20, 0, '2023-06-12 22:07:49'),
(8, '474025026192', 'Cailin Bond', 'Keelie Glenn', 'Quin Mcpherson', 'Davis Guerrero', 'Damian Roberson', 'Rinah Singleton', 2, 'Do eos quidem enim ', '3', '4', 'Ezekiel Rojas', 'Abel Harrington', '234', '123', 100, 0, '2023-06-12 22:14:51'),
(9, '003409538956', 'Cailin Bond', 'Keelie Glenn', 'Quin Mcpherson', 'Davis Guerrero', 'Damian Roberson', 'Rinah Singleton', 2, 'Do eos quidem enim ', '3', '4', '1234', '1234', '4567', '2345', 123, 0, '2023-06-12 22:14:51');

-- --------------------------------------------------------

--
-- Table structure for table `parcel_tracks`
--

CREATE TABLE `parcel_tracks` (
  `id` int(30) NOT NULL,
  `parcel_id` int(30) NOT NULL,
  `status` int(2) NOT NULL,
  `date_created` datetime NOT NULL DEFAULT current_timestamp()
) ENGINE=InnoDB DEFAULT CHARSET=utf8mb4;

--
-- Dumping data for table `parcel_tracks`
--

INSERT INTO `parcel_tracks` (`id`, `parcel_id`, `status`, `date_created`) VALUES
(1, 2, 1, '2020-11-27 09:53:27'),
(2, 3, 1, '2020-11-27 09:55:17'),
(3, 1, 1, '2020-11-27 10:28:01'),
(4, 1, 2, '2020-11-27 10:28:10'),
(5, 1, 3, '2020-11-27 10:28:16'),
(6, 1, 4, '2020-11-27 11:05:03'),
(7, 1, 5, '2020-11-27 11:05:17'),
(8, 1, 7, '2020-11-27 11:05:26'),
(9, 3, 2, '2020-11-27 11:05:41'),
(10, 6, 1, '2020-11-27 14:06:57');

-- --------------------------------------------------------

--
-- Table structure for table `system_settings`
--

CREATE TABLE `system_settings` (
  `id` int(30) NOT NULL,
  `name` text NOT NULL,
  `email` varchar(200) NOT NULL,
  `contact` varchar(20) NOT NULL,
  `address` text NOT NULL,
  `cover_img` text NOT NULL
) ENGINE=InnoDB DEFAULT CHARSET=utf8mb4;

--
-- Dumping data for table `system_settings`
--

INSERT INTO `system_settings` (`id`, `name`, `email`, `contact`, `address`, `cover_img`) VALUES
(1, 'Courier Management System', 'info@sample.comm', '+6948 8542 623', '2102  Caldwell Road, Rochester, New York, 14608', '');

-- --------------------------------------------------------

--
-- Table structure for table `users`
--

CREATE TABLE `users` (
  `id` int(30) NOT NULL,
  `firstname` varchar(200) NOT NULL,
  `lastname` varchar(200) NOT NULL,
  `email` varchar(200) NOT NULL,
  `password` text NOT NULL,
  `type` tinyint(1) NOT NULL DEFAULT 2 COMMENT '1 = admin, 2 = staff',
  `branch_id` int(30) NOT NULL,
  `date_created` datetime NOT NULL DEFAULT current_timestamp()
) ENGINE=InnoDB DEFAULT CHARSET=utf8mb4;

--
-- Dumping data for table `users`
--

INSERT INTO `users` (`id`, `firstname`, `lastname`, `email`, `password`, `type`, `branch_id`, `date_created`) VALUES
(1, 'Administrator', '', 'admin@admin.com', '0192023a7bbd73250516f069df18b500', 1, 0, '2020-11-26 10:57:04'),
(2, 'John', 'Smith', 'jsmith@sample.com', '1254737c076cf867dc53d60a0364f38e', 2, 1, '2020-11-26 11:52:04'),
(3, 'George', 'Wilson', 'gwilson@sample.com', 'd40242fb23c45206fadee4e2418f274f', 2, 4, '2020-11-27 13:32:12');

--
-- Indexes for dumped tables
--

--
-- Indexes for table `branches`
--
ALTER TABLE `branches`
  ADD PRIMARY KEY (`id`);

--
-- Indexes for table `parcels`
--
ALTER TABLE `parcels`
  ADD PRIMARY KEY (`id`);

--
-- Indexes for table `parcel_tracks`
--
ALTER TABLE `parcel_tracks`
  ADD PRIMARY KEY (`id`);

--
-- Indexes for table `system_settings`
--
ALTER TABLE `system_settings`
  ADD PRIMARY KEY (`id`);

--
-- Indexes for table `users`
--
ALTER TABLE `users`
  ADD PRIMARY KEY (`id`);

--
-- AUTO_INCREMENT for dumped tables
--

--
-- AUTO_INCREMENT for table `branches`
--
ALTER TABLE `branches`
  MODIFY `id` int(30) NOT NULL AUTO_INCREMENT, AUTO_INCREMENT=5;

--
-- AUTO_INCREMENT for table `parcels`
--
ALTER TABLE `parcels`
  MODIFY `id` int(30) NOT NULL AUTO_INCREMENT, AUTO_INCREMENT=10;

--
-- AUTO_INCREMENT for table `parcel_tracks`
--
ALTER TABLE `parcel_tracks`
  MODIFY `id` int(30) NOT NULL AUTO_INCREMENT, AUTO_INCREMENT=11;

--
-- AUTO_INCREMENT for table `system_settings`
--
ALTER TABLE `system_settings`
  MODIFY `id` int(30) NOT NULL AUTO_INCREMENT, AUTO_INCREMENT=2;

--
-- AUTO_INCREMENT for table `users`
--
ALTER TABLE `users`
  MODIFY `id` int(30) NOT NULL AUTO_INCREMENT, AUTO_INCREMENT=4;
COMMIT;

/*!40101 SET CHARACTER_SET_CLIENT=@OLD_CHARACTER_SET_CLIENT */;
/*!40101 SET CHARACTER_SET_RESULTS=@OLD_CHARACTER_SET_RESULTS */;
/*!40101 SET COLLATION_CONNECTION=@OLD_COLLATION_CONNECTION */;
